date,sp500,accruals,debt_issuance,investment,low_leverage,low_risk,momentum,profit_growth,profitability,quality,seasonality,short_term_reversal,size,value
2000-01-31,,0.00212208575067138,0.0134617803062802,0.00176489217799878,0.0583116637349532,-0.0253911669757179,0.0284454734116671,-0.000462903051845102,-0.0600108659826472,-0.0307554287150416,0.00133596580663593,-0.00813278943337484,0.0572252571588871,-0.0540973929497757
2000-02-29,-0.020108083256356934,-0.00367124357386929,0.0669433972608831,-0.102687905445439,0.286429727190628,-0.266760687178678,0.231999478572952,0.0198599743911828,-0.141064060343757,0.0248726082519497,0.00664111991798024,-0.0719788802731192,0.0317732021634245,-0.280588200065154
2000-03-31,0.09671982835364812,-0.0158047292110009,-0.026440307590298,0.0464894974080406,-0.172262648630094,0.151067212596252,-0.132738433022106,-0.00491334349824517,0.160460248977622,0.0375613994999534,0.011183430173226,0.110864337175386,0.00783192418632276,0.186778020974797
2000-04-30,-0.030795755780191336,-0.0155211260167038,0.00220490234354698,0.0709445977516719,-0.132060481430608,0.145120080606939,-0.076085396745418,-0.00160192752634244,0.133263776497201,0.0422206231176718,-0.00243101095357564,-0.00919887672737973,0.0124616223803705,0.172240118963251
2000-05-31,-0.021915050603417807,-0.00267356425295861,-0.0069179448168774,0.0758229874725119,-0.10323137859988,0.125489719746501,-0.064314478751917,-0.0178887941994977,0.0742379291677382,-0.00383798875855071,0.00341749668067189,-0.00251398296942905,-0.00317931753381697,0.127260647791755
2000-06-30,0.023933549615877237,-0.00577964441205882,0.0344427223839908,-0.0973548050470542,0.191829158475732,-0.176605340854859,0.049517184964719,0.0420404965918447,-0.107975894327944,0.00137256308794754,-0.021100162717454,0.00555607870336713,0.0084443381111605,-0.196514755329897
2000-07-31,-0.016341275904170893,-0.00697586471691321,-0.00959743737401885,0.0380020102137259,-0.0792560757880683,0.0872041178490144,0.0017895101209379,-0.0183745078784542,0.0530296507205441,-0.00621643529208189,0.00512625956971934,0.0496476642654764,0.00691364152780001,0.0978000439680443
2000-08-31,0.06069910494167097,-0.0191141614573086,0.00312369354057957,-0.0301467014176517,0.0668176999666181,-0.0802259651248694,0.0403375634637013,0.0224808732545322,-0.00786336321381994,-0.00207740303779956,-0.00232693130588672,0.0117663334175072,-0.0302757008710459,-0.0590048383288774
2000-09-30,-0.053482974719764265,-0.00672181983011936,0.00444151268072821,0.0546478310320326,-0.0654979793980817,0.0816739436110207,0.0444507436958595,-0.0258942132706645,0.0342020063713768,0.00109195035617876,0.0127446301196545,0.00276142244010734,-0.0102610748783379,0.0759933101861719
2000-10-31,-0.00494948542177065,0.00285350890059976,0.00462969991832362,0.0709227465436552,-0.102668661152435,0.0912376621873383,-0.0147969150363707,-0.0313176632519937,0.0889805821254844,0.0430874532526684,0.00320619119003325,0.00457240797456058,-0.0174527428196188,0.122159926143757
2000-11-30,-0.08006861010730892,-0.0216936442213968,0.0128748588548896,0.145066623462574,-0.183695536478252,0.221500206792535,0.0275815117433326,-0.0671449661186088,0.116530559206922,0.0344804209870815,0.0231718163148518,-0.020372214049362,0.0150978264705687,0.210586404089055
2000-12-31,0.004053445623728669,0.00385700632035862,-0.00723617831233446,0.0316995281984297,-0.0514703472113989,0.0389462666518825,0.053156580714728,-0.000971458077789948,0.0232108699820447,-0.0136642491196704,0.00289258531237041,0.00734622326860293,-0.0354547129776384,0.0477410909488647
2001-01-31,0.03463657667616449,0.00727669362814934,-0.00337647775054344,-0.066006484756682,0.0829927522573954,-0.132544667189335,-0.222522847063798,-0.020735422029057,-0.0398588348075005,0.00510583257961936,0.0152937172710712,0.0185504481214192,0.129148619898915,-0.0316791709330055
2001-02-28,-0.09229073539585964,-0.015966782472194,0.0136723574793629,0.146156299926128,-0.175745453978211,0.196740632952393,0.167737025923727,-0.0427864195272097,0.0611207432910052,-0.000356424740134096,0.0258243035468155,0.0720571315821695,0.00919560156452654,0.177070887855366
2001-03-31,-0.06420471080339152,-0.0281120988765379,0.0103206219962049,0.0809449313533403,-0.103172665891752,0.104052390146116,0.0679722413645136,0.0127319831992426,0.04361580416483,0.0075125802614668,0.0105005600019536,-0.0236060461052027,0.0050400912025133,0.107483402054018
2001-04-30,0.07681436165439459,0.0137972798887751,-0.0062478257296409,-0.0863204190798941,0.104640520024279,-0.113960508778241,-0.0982925072737447,0.0200512786423936,-0.00266651388132911,0.0312609848351786,-0.00327858569614461,0.0161657010423537,-0.00784267534070543,-0.0815608341160134
2001-05-31,0.005090187401275648,-0.015055773877667,0.0160962939558175,0.0428715572975535,-0.0207957146064336,0.0382967220784321,0.0325074794048772,-0.00747720032725713,-0.0138812631487527,-0.00805008456278499,0.00570179872041264,0.0213017646460509,0.0434510680478527,0.0232083716579745
2001-06-30,-0.02503538942756467,-0.0216161977922202,0.0192933558805057,0.0184769666695314,0.0138131410983534,0.00231185226804503,0.0119744829741426,-0.0139397064115592,-0.0062337832928045,0.00558674824607232,0.00238930310384016,-0.012350519400172,0.0460161999129127,0.00841551837651997
2001-07-31,-0.010740149595403703,0.00304427444067527,0.00320799237104503,0.0574248346207431,-0.0771351284257039,0.0853129762633323,0.0456543312448834,-0.00591488272290875,0.0491996169813631,0.0210382751319863,0.00812432736782745,0.0156732737729884,-0.0212753121047283,0.0768573043512558
2001-08-31,-0.06410840688075747,-0.00864450017599765,0.0142303218708234,0.06131914079117,-0.0577475477638867,0.072879769629434,0.0565294573340646,-0.00260817008872886,0.0170486472028575,0.00746794596968718,0.0190466274684878,-0.00962970110628383,-0.00178739276032423,0.0568114424928942
2001-09-30,-0.08172340570563885,-0.0223689493999416,0.0119227762524252,0.0654213943162457,-0.084092086685269,0.12415537841777,0.0741563850510797,0.0376076924345518,0.0324608974591328,-0.00646459279835152,0.0247203111822065,-0.00636113593589343,-0.0432194468605173,0.0508764131378798
2001-10-31,0.018099111333141016,0.0123117767238893,0.0122359897638979,-0.0617941348595136,0.116158119210677,-0.0942916369159782,-0.077665029600983,-0.0141861561494303,-0.0102401578868957,0.0403647095658014,-0.0146742363775094,0.0430040863703738,0.0584979232038842,-0.0516944407329636
2001-11-30,0.0751759041240454,0.0166829959521442,0.00440600318409983,-0.0142734581374364,0.0522267883605554,-0.0735369367534195,-0.078301041531072,-0.0463319220940981,-0.0187454204376383,0.0052354887055252,-0.00131051234305518,-0.0251566045206741,0.0258864920562596,-0.026460447252638
2001-12-31,0.0075738340889277556,0.00066631373167093,0.00190049930756781,-0.00174369496272355,-0.00586992564455363,-0.00327068966400462,-0.00633843773231926,0.0125889857997527,-0.000797324407666536,0.010194757648693,0.003920764925419,0.00125795741994558,0.0308440868968207,0.00650614762135461
2002-01-31,-0.015573832456979853,0.000153352139516845,0.0147300905139431,0.0343191060688419,-0.021375250404537,0.0355595810190441,0.0302348162958828,-0.00400703480680343,0.0332307498935548,0.0305455625698728,0.00392183510539415,0.00474049563802583,0.000897594690699498,0.0379309192819486
2002-02-28,-0.020766211039727644,-0.0150101715114737,-0.00222684423311988,0.035573148050139,-0.0893472910633708,0.0974303515567602,0.0338779066282542,0.0391401125508166,0.0598569701761464,0.0137715871087428,0.00602489618368982,0.00158276706308143,-0.0359559244853757,0.081831504688385
2002-03-31,0.03673889286207466,0.012519643979506,0.000235021847958666,-0.00985154705368626,0.0235435991706246,-0.0406667675049017,-0.0380568104136734,-0.0088465760575508,-0.0170283285931502,-0.00601007427402805,0.00271050479579716,0.0230279174019317,0.0339141656499442,-0.00759339440450878
2002-04-30,-0.061417625919219065,-0.0155867426086882,0.00457696019586649,0.0246893193081027,-0.0689751701214334,0.0798909363089088,0.0762590959470674,0.0190770718317176,0.0288864515643053,0.0142161221035218,0.0158194332989196,0.0117042560102444,0.00100373684146965,0.0549248150506533
2002-05-31,-0.009081481352177012,-0.00314579307243622,0.000629125562830991,0.013721526653292,-0.0327843148714594,0.0457811076397177,0.0265959436170682,0.0131050588563677,0.0323152034830761,0.0111472129533805,0.00332887255846776,-0.00540568337428963,-0.023337700422231,0.0294163196284664
2002-06-30,-0.0724553538081798,-0.020049740374393,0.00415416131531839,0.0119263903457715,-0.0529561942472982,0.080913531897973,0.0783309750130327,0.0149030790402149,0.0394690493266833,0.0188168046456611,0.0123097092336273,-0.00216704578843285,-0.00524461736656725,0.0438863105718407
2002-07-31,-0.07900427514940767,-0.0215653223696402,0.00212529259764626,-0.00320991060422606,-0.0112867504497284,0.0469008234052112,0.0207701951400963,0.0141479908953025,0.0373516928975674,0.0142350917404813,-0.00488997025733823,0.00324961984383144,-0.0413609141435456,0.015810923476716
2002-08-31,0.004881433306494376,-0.00647320599084622,-0.00241714039173356,-0.00242931148360338,-0.0242086440117277,0.0130113447273958,0.00680641884152809,0.0095479862900242,0.00687931402515999,-0.00365681776561114,0.00334474838832505,-0.00266529664176298,-0.00596267052723942,0.0164729039694399
2002-09-30,-0.11002431825242787,-0.0154162844535039,-0.000521623113776923,-0.0219382982711984,-0.019816723255783,0.0487722859282443,0.0722484549705387,0.0265706292631789,0.0343724294536426,0.0309898721122627,0.0112345675784265,0.00685330416345918,-0.017091895338359,-0.00321440889346684
2002-10-31,0.08644880033371405,0.0202942828025871,0.00823547805170178,0.0129844445399255,0.0713105147639526,-0.0622325987325775,-0.0583755651259376,-0.000945411545046198,-0.0196224211430058,0.0022592073439915,-0.0155477943961129,0.00850417589214491,0.0138944303375896,-0.0225961487269298
2002-11-30,0.05706962070498589,0.0409108900350139,0.0169507705104288,0.0409403588754408,0.0695066360333834,-0.119100980570916,-0.133680750670779,-0.0163216556574568,-0.081731777239607,-0.0384920287646892,-0.0087055522656223,-0.0268665082443354,0.0846772720535489,-0.0174272972542984
2002-12-31,-0.06033257188502883,-0.0245337106182731,-0.0119803065210372,-0.00984200387385563,-0.0570167355734965,0.0775804009134296,0.0458417798059423,0.0133291951963295,0.0365984172358804,0.00845084870591414,0.00792470369464839,0.0508806420935539,-0.0194065593508635,0.0386872766812616
2003-01-31,-0.02741469268304464,0.000767644295344469,-0.000501695350292868,0.00158741320736316,0.0173133410256898,-0.00996538435591078,0.0058354983636112,-0.000694788170159928,-0.0100903365664984,-0.00427653831513033,-0.000824564645324165,0.000712371367701434,0.0139332638444658,-0.00782036556147672
2003-02-28,-0.01700360825687175,0.00974683536444342,-0.002329890100273,-0.00343945921894903,0.0138997589293952,0.00243055234060531,0.0147876697819497,-0.00534284516939093,0.00521529428960085,0.00591596544844705,-0.00191756556732026,0.00149918942839617,-0.00909036538836485,-0.0105148185325096
2003-03-31,0.008357567684332823,-0.00330834954425712,-0.00440446246190613,-0.0151028784638979,0.000795674418165864,-0.00112764447975671,0.00385124403268988,0.00782218522350315,0.00884662857784123,0.0141983845017816,0.00201498113394973,-0.00761209166480495,-0.00741460133516052,-0.00695824098123187
2003-04-30,0.0810441071800323,-0.00162936410278444,0.0109122371796026,0.0112546885388569,0.0146149972014422,-0.0497297314212277,-0.0398551858975812,-0.00893919317451283,-0.0274702465007315,-0.0253274193091537,-0.00913745673486862,0.000944256993315219,0.0407278979941321,0.00039921885190585
2003-05-31,0.050898709609522585,0.0220553751555553,0.0105082820042802,0.00995157539651471,0.0439955813353394,-0.0621391833140195,-0.019024387317384,-0.0239189255201094,-0.0508977639548827,-0.0272670920646619,-0.00286748469574358,-0.00476093980585358,0.0610060708772312,-0.0195474221126184
2003-06-30,0.011322214676852127,-0.00694988708779978,0.00191573725214869,-0.00856451597289376,-0.00141175660518798,-0.00486001697551611,-0.00083385669585025,0.0015042136710365,-0.0036822256196836,0.00804791690140709,0.0053084931064661,0.00172636734167185,0.0200754422052604,0.000408542011705874
2003-07-31,0.016223701958536507,-0.000853117280798259,0.0210612611779223,0.00753119296826304,0.0238096399456444,-0.0235271795894991,-0.0083110606745714,0.0028360482388982,-0.0128403637314783,0.00937620327833652,-0.00333240862150743,-0.00171762575426999,0.036107286749405,-0.0107680094444515
2003-08-31,0.017873203593487874,0.0168707590478883,0.0114440569930428,0.00373086420372875,0.0232828776850553,-0.0382215623647721,0.00841997572545927,0.0016170373745568,-0.01771467026562,0.00666799827613622,0.00347243763544364,-0.00708991161087572,0.0164761425889862,-0.020444357766913
2003-09-30,-0.011944364585525724,-0.000645923278911813,-0.00214147388355153,0.00288383739038766,-0.00755278474888882,0.017207159500696,-0.00101749619316916,0.00646207227873187,-0.00332734868354738,-0.00823417559228971,0.00590843601945122,0.00786757895196674,0.0142014218073322,0.0126485584824884
2003-10-31,0.05496148663571665,-0.00632500429539615,0.0152882919515746,0.0107744552929025,0.0165901411758,-0.0307479394672321,0.0317416924812672,0.0037785723827098,-0.0145509575936053,0.000423681978302592,-0.0119602634905676,0.00753754674720313,0.0195324783074856,-0.0168184675388746
2003-11-30,0.0071285040713728876,-0.000990956833566183,0.00243101157436898,0.00562991437427235,0.00213047972383401,-0.00309702236773264,0.00803689142828682,0.000336013851613211,-0.00503149363595174,0.00392444225010199,0.00190365425603848,-0.00642185889545983,0.014442896631329,-0.0006956476350146
2003-12-31,0.05076554077889206,0.00905484004163019,-0.009946602176618,0.0108915278409562,-0.0284785581108023,0.026208935131529,-0.0381404027834235,-0.00259619192181151,-0.00496583547868383,-0.0273516900344815,0.0110325340469248,0.000411869825744056,0.000991218121748259,0.0336199593083441
2004-01-31,0.017276386950755285,0.0205587068176087,0.0150719812835207,0.0217058413202998,0.026915666908586,-0.0304981811265904,0.00661056670498532,0.00347837526060724,-0.0351695678627291,-0.0134208445557014,-0.000183011517120751,0.00498672950791672,0.037878629339058,-0.0201093543366998
2004-02-29,0.01220897373761054,-0.0101733268415318,-0.00943838650135288,-0.0120803232541443,-0.0250958704074455,0.0194374900458161,-0.000465608341970191,-0.00164639307375206,0.0142832947946062,0.00471737613511634,0.00642947195571784,0.00161357993678177,-0.0185432552593718,0.0215915860771209
2004-03-31,-0.01635891961786684,-0.00688998188255125,-0.00491260120523827,-0.0125890379681857,-0.0109768523712689,0.0111999027888327,0.00433571391517992,0.00418396522012001,0.010708604113055,0.00895386322802728,0.00372942398877203,-0.00998053273387863,-0.00195799310671619,0.00906672295497836
2004-04-30,-0.016790751960348183,-0.00342686452790842,-0.013843832820067,-0.0104508224917693,-0.0230892579101282,0.0423057808557501,-0.0217366019429045,-0.0111582827021303,0.023483095831947,0.0134210579621201,0.0105145868615792,-0.00791529824589501,-0.0261003332864035,0.0248302297402508
2004-05-31,0.01208345009735412,0.00227779819008406,0.00998118608891138,0.00373680349154282,0.0124990961178837,-0.0180470721249263,-0.00376717622858923,0.00940265832755588,-7.55728237094623e-05,0.00364517207161126,-0.00606718736128512,0.0110223563937018,-0.00449505514943996,-0.00874219724845712
2004-06-30,0.017988998771432563,0.0126246073397758,-0.000515583401227056,0.00406374928184735,-0.00741320794896509,-0.00218415951938187,0.02280534076099,0.00212639636651837,-0.00285678465508898,0.000881194982744164,0.00195092423512562,0.00116468335708526,0.00329954628951014,0.00613715915130668
2004-07-31,-0.034290519520026264,9.47961013684241e-06,-0.0199590640739021,-0.00333155511093444,-0.0539711419719912,0.0566557508967456,0.00575927328146533,-0.0134617945881355,0.0218895337675246,-0.00941457208884874,0.0113032867893115,-0.00128536724395982,-0.0277250165181244,0.0467284348145229
2004-08-31,0.0022873503233691306,-0.0133012548830588,-0.00876302804010302,0.00387964205599334,-0.0239661576930901,0.0321930883296782,-0.00679177359684029,-0.0132744475853098,0.00758148854080564,-0.01523268495687,-0.000239668157560869,-0.00803375021047907,-0.0108925972297555,0.0230382359209957
2004-09-30,0.009363875526838816,0.0120132259900533,-0.00588944152608401,-0.0190799846501019,0.0133862898480688,-0.0286669403733079,0.0260615501630077,0.0120797394760053,-0.00419727184284905,0.0058060830447547,0.00235104606756675,0.00491899448049856,0.0106268986597155,-0.0180186838220897
2004-10-31,0.014014243690939843,0.00999396471270588,0.00822933094460354,0.00380418775366465,0.0117963170273992,-0.0159038988567541,-0.0130638127260022,0.00595225585780374,0.000540769921168457,0.00452275796686398,0.00120430677858369,-0.00540991620047401,0.00565345181520717,-0.00571704368971314
2004-11-30,0.03859493629597055,0.0049155703572163,0.0031181978431757,-0.00555622508688281,-0.000419141485696019,-0.0230765798164072,0.0144237490715616,0.00761764968957344,-0.0154545440061564,-0.00578562805715258,0.0044877622001162,0.00797820420463477,0.0207240163604465,0.000147437608317798
2004-12-31,0.03245821284320516,-0.0115572374365043,0.00428856009168188,0.000576396214996824,0.00823097237584625,-0.00917382241700537,-0.0218948851671638,-0.00623236566679156,-0.00721178454661201,0.000848102668324886,0.00102146509214395,0.000798551168279585,0.00609953903202359,-4.69506211125064e-05
2005-01-31,-0.025290467442294018,-0.00868760645122978,-0.00886253836681381,-0.00433586601430214,-0.0239694617864516,0.0205139052014305,0.0212886866666335,-0.000894924043091624,0.0138642859998713,0.00920567951935449,0.00603815807299034,0.00868145929293992,-0.0240895203500653,0.0177538231988362
2005-02-28,0.018903346132113308,0.00396322258203266,-0.00982718824855469,-0.0116179732002339,-0.0106933661107283,-0.00417751509750158,0.0238301052619556,0.0194885601624742,0.013745274612449,0.0116960114272026,0.0159760948281705,-0.00163673816193396,-0.0130434339870499,0.00803831026946476
2005-03-31,-0.01911765556028966,0.00586294404142413,0.000911642998024078,0.00941808407108739,-0.016359364591614,0.0228503127878422,0.0074124262551534,-0.00611979871894064,0.00726040779734767,0.00417990747308644,0.0071303516269633,0.00148741362362515,-0.0191622606702301,0.0180762732826378
2005-04-30,-0.020108582083263493,0.00268170511043415,-0.00400292505836957,0.00919299074096153,-0.0128843317632069,0.0323843460171962,-0.00247665898068411,-0.0066573301284348,0.00609862941932124,-0.00603663898132419,-0.00252475117837503,-0.000344192996382698,-0.0173228722942025,0.0128487481907069
2005-05-31,0.02995204663120865,0.00382394687961364,0.00583186383437954,-0.0114009819745946,0.021991525231212,-0.032490263568823,-0.00100683265624212,0.00753639440897626,-0.000911367105333266,0.0135151593279576,-0.00365961198860029,0.00944307659950746,0.0126327138008479,-0.0153720173901539
2005-06-30,-0.00014271417986777557,0.00697416407842284,-0.00809073087951898,-0.00591395083054413,-0.0111676805595812,-0.00828217936613615,0.0196748421690969,0.00526232789474483,-0.00867018162217561,-0.0122066759231267,0.00711505051102896,0.00317822003928896,0.0132944484116012,0.00241044883588621
2005-07-31,0.03596828690361842,-0.00273030206594435,0.000135799942805473,-0.0165009741580582,0.0181925319203577,-0.0281729123011583,-0.00464802672261813,0.0161704851893056,0.00169526205006853,0.0107010635969399,-0.00172047420379119,0.00352395832995089,0.0154006919711917,-0.0133421887796159
2005-08-31,-0.011222104598600069,0.011418996576359,-0.00496873007145708,-0.00450653141552738,0.00581230217418741,-0.00451070973756217,0.0201716540304959,0.0031028851791904,-0.00102644678322663,-0.00439139142621553,0.011280083578071,-0.00488121479635944,0.00116078391652188,-0.00576286555258367
2005-09-30,0.00694902431673361,0.00927682730697252,-0.00076398514476742,-0.00978599480230739,0.0049683083336623,-0.0150675001621332,0.028393558469464,0.0121528801221032,0.00466746372595791,-0.00287845730451515,0.00781092498319983,-0.0126293104820158,-0.0012708089277741,-0.0104254529437759
2005-10-31,-0.01774077993231349,-0.00481667266188086,0.00876353691877574,0.00602846440604068,-0.00349276663656724,0.0172230786942584,-0.0226766199150224,0.00287357700250114,0.00998542536892931,0.00246478939368955,-0.00251241242927002,-0.00172271006926249,-0.00919167643302995,0.00810198832701702
2005-11-30,0.035186096519093324,0.000375795322256713,0.00014694533952645,-0.00831656478411342,0.01136415136368,-0.0141315387464946,-0.00223827883104074,0.0007978886213904,0.00443718195882769,0.00927693760478137,-0.00427507517692875,0.00135235720558132,-0.00020570684318057,-0.00731213793067306
2005-12-31,-0.0009523493171964548,0.00637043394699594,-0.00212754528880117,-0.00508769452880907,-0.00090681214292853,-0.00593834834785975,0.00793475883775919,0.00428616120155727,-0.00373304433370188,-0.00144422735779384,0.00465773861371998,0.00589377121052848,-0.00276334225802329,-0.00412400786346628
2006-01-31,0.025466771341108085,0.00716882539594744,-0.00426516596300385,-0.0248938272081625,0.0280988985133723,-0.0543250315061692,0.0336682197529803,0.0110939668683637,-0.00354204242170917,0.00901280880016976,0.00678939852639663,-0.000279544436398521,0.0259024468565101,-0.0310776041759973
2006-02-28,0.0004531577283561905,-0.00317921380315959,0.00680812963869735,0.0234155635983309,-0.011608515437749,0.0284064229798497,-0.0199951412266528,-0.016307884842391,-0.0112346984901606,-0.0127185768237101,-0.00605060888736315,0.0092675658029256,0.00999828883202439,0.0175155242538618
2006-03-31,0.011095810408889628,0.000214855195777076,-3.90107497264625e-05,-0.0108021725516679,0.0100362563964216,-0.0240716268077143,0.0185371108247985,0.00517832830896297,0.000355486902474821,0.0131761036910551,0.00577598658314701,-0.00267488004178289,0.0103300454370869,-0.0114196631621721
2006-04-30,0.01215565291784415,-0.00286915388526006,-0.00722040597284223,-0.00615976645609158,-0.0121486295898001,-0.00498861100133671,0.0113157772711838,0.00321248296350714,0.00554767823407492,-0.00653995180539726,0.00582244614488017,0.0020509182804276,-0.010235955458235,0.0061903704780269
2006-05-31,-0.030916916538203165,-0.00540609077336444,0.00224867323129779,0.0179966317881029,-0.032360341451736,0.0376528650023975,-0.016614791704896,-0.0105227564825678,-0.0012482801685075,-0.0147600914843253,0.00488917643547294,-0.00326184363274851,-0.0147681427210606,0.0291621595248851
2006-06-30,8.659650459597046e-05,-0.000475702144453429,0.00313935926764937,-0.00377179429918116,-0.00574632916918039,0.00369040859064482,0.00863849176548606,0.00703920300593345,0.0116650665022166,0.00586665618783992,0.00409773620199439,-0.00137892974395894,-0.0142574853708581,0.00837011533185106
2006-07-31,0.0050858788034533475,0.000910720595127396,-0.0045112973541864,0.0121402245966664,-0.0196107041164101,0.0416317135014012,-0.0055672681533383,-0.00604111583246469,0.00682819553035039,-0.0153533129576386,0.00964872900478484,0.00768079236509831,-0.00900680201505239,0.0243727567900075
2006-08-31,0.02127419311502643,0.0101800686073239,0.00617284099105472,0.0133361543850837,0.0116690070469009,0.00204794648427787,-0.0309018904143131,-0.015234638767809,-0.0143870944883141,-0.00445686551205891,-0.00537499179093537,0.00996925941774854,0.0212986161402697,-0.00137605420670754
2006-09-30,0.024566297967782313,-0.00388901164526732,0.00675541069742516,0.011632860737301,-0.0013267406829316,0.00236089244361594,-0.0126857333818878,-0.0128924400084984,0.00497826456003308,0.0078932043784387,-0.00887331580306826,-0.00404976442886363,-0.00791887533813231,0.0107903572501259
2006-10-31,0.03150800358539563,-0.00195559148023422,0.00174879599184888,-0.00520464965038294,0.00170695370812792,-0.0163183779082866,-0.0101281523140105,0.000217133914258,-0.00307597462140732,0.00321118823733721,0.00168866843818811,0.00147842494792819,0.0102755011274008,-0.001715254290508
2006-11-30,0.016466656343095964,-0.00185045313558232,-0.00557901958004707,-0.0150689493090186,0.00757315765913522,-0.0248678447635282,-0.0192783691074431,0.00408020879228941,-0.00142642534910154,-0.000894985937873581,-0.000878312077147924,-0.0049223477256395,-0.00129980700710245,-0.00807228312106559
2006-12-31,0.012615782814670462,-3.91629253061983e-05,0.00148756076521825,0.0210840154864754,-0.0180216342407867,0.0247262879997217,0.0115223143306484,-0.00666778085136747,-0.0111652297363434,-0.0155790511012165,-0.00191831886989931,0.0103329952560221,0.00412501579969307,0.0136679043000275
2007-01-31,0.014059043023177953,0.00769093408976263,0.00216453887384607,-0.00340856547020721,0.00029231047179081,-0.00990313839644426,0.000971713706996512,0.00318116277766246,0.00365598876951515,0.0101111533147769,0.00559031953643522,0.00279785428365092,-0.0107605229275754,-0.00236380663558469
2007-02-28,-0.021846175991944383,0.000578569482288179,0.00314259506457536,0.00173401541157744,-0.00444246234238904,0.000497573330432474,-0.0041448119856496,-0.00166991472551845,-0.00698641676536273,-0.000752776362758096,0.00118393971262699,0.000307185381111662,0.00118952369288786,0.00298310461211414
2007-03-31,0.009979982939206433,-0.000414817210905537,0.00221709383182095,-0.0023929589244676,-0.00346207773261111,0.00374646998520182,0.0114566150216803,0.0053019048612674,0.0063603173036153,0.00757411893908268,0.00909417358940441,-0.00467043947050736,-0.00541485016018361,0.00191881153829711
2007-04-30,0.043290690426759815,-0.00132402703494145,-0.00243711185922915,-0.00348823491359848,0.00484712341698184,-0.00718578783638399,-0.00225928022677569,-0.000258742669477378,0.00782073745069015,0.0053449749911349,0.00172923060472827,-0.00529660833514516,-0.0057256486943017,0.00602443126887764
2007-05-31,0.032549228707361655,0.00235247597532062,0.00146192348479498,-0.00734218313549118,-0.0036338392289114,-0.0106833511587225,0.00521593670935556,0.0017955521548283,0.00906346876650788,0.00704211395496902,0.00240734818824436,-0.0014666194926966,-0.00917090935171615,0.000922377267651038
2007-06-30,-0.01781632254788501,0.00215626097775821,0.00211573858198175,-0.00657467347652228,0.0119557209771206,-0.00750306358472588,0.00758234677065743,4.74080442590346e-05,0.00153629610387142,0.0127633051890083,-0.00217352670068087,-0.0043706807187442,0.00651892039339202,-0.00905927539122183
2007-07-31,-0.03198187836198829,0.00372855980454372,0.000662926310576104,-0.024810890085891,0.0152636260548997,-0.00161122362632787,0.0240802841872958,0.00786924302971809,0.0130350695372003,0.0240560081379135,0.00348900908518668,-0.00545484307062336,-0.0172728493556153,-0.0243103797246681
2007-08-31,0.012863572018857905,-0.0112840247649495,0.00194827458835648,-0.00223857254268236,0.00127725494374514,0.0131763586821404,0.00431174828689432,0.00569831291977696,0.00773449348861804,0.00613060984316729,-0.00331432536951233,-0.00859101509718013,-0.00375147473621649,-0.00615033104607223
2007-09-30,0.03579400817860079,0.00498835719029585,-0.00961583072032379,-0.0286002018905723,0.01233026527893,-0.00599180059445213,0.0328048860123633,0.00414216381501079,0.00684256389087944,0.00311525943107541,0.00257852084221126,0.00280474139986576,-0.01311500435674,-0.0299458666254813
2007-10-31,0.014822338223554832,0.0189376566037383,-0.00415096055799513,-0.0196614286777942,0.0156257846686638,-0.00703422912583542,0.0333888414844914,0.0108916380127309,0.00167934501952145,0.0107715829061005,0.00303897428609624,-0.0134504785548448,-0.00104882570527088,-0.0382669972277143
2007-11-30,-0.04404341737941575,-0.00396970791107049,0.00221546415426114,0.0131568120026663,-0.0132573093420491,0.0393556698608803,0.0212011101011449,0.0061347515632346,0.0253904155695164,0.0111587819468537,0.00361319796749673,0.000807387435977643,-0.0344831178791881,0.00828695988283797
2007-12-31,-0.008628508561297932,0.00786939277892729,-0.00277040891056317,-0.0210353520119006,0.0113486541878361,0.00576705433864479,0.0441034446249915,0.000276594270285368,0.0149321369452784,0.0227243221383179,0.00927113512847338,0.0108685269210011,-0.00445152284953114,-0.0209302319803793
2008-01-31,-0.06116343227776988,-0.00752290327333017,-0.00210005546432225,0.027689575261582,-0.0295618189360716,0.00821065196873822,-0.044921393722133,-0.0145147064085735,0.00386351097219212,-0.0318147413145141,0.000385193978629599,0.0149621984798489,-0.00523587836770755,0.0502121310374787
2008-02-29,-0.03476119273728817,0.0164891214873724,-0.0153185405575542,-0.0266819124048503,0.00701572309358412,0.0143607381522395,0.0498738591931573,0.00735465451878488,0.021499567894258,0.033098076467796,0.0159241782700913,0.0193716698020873,-0.0118509223840064,-0.0219996454222212
2008-03-31,-0.005959623397817415,-0.000742644622146478,0.00465733631479812,0.0136183748291214,-0.00383193989550632,0.0227975707297298,0.0189780180476557,0.00131517187711663,0.0109063896850725,0.0106747760456334,-0.000734665815223726,-0.00642656406329154,0.00113569558581213,0.00325649878570249
2008-04-30,0.047546697641229096,0.0143670333182785,-0.0107085315433441,-0.0196427353700823,0.00794270196244696,-0.0241517561979669,-0.000716891632821066,0.00296392057223672,0.00808682940191222,0.0094079271479196,0.0060820537244622,0.00686393364031378,-0.0216101885063751,-0.00886285026937542
2008-05-31,0.01067418170406853,0.0136349742133658,-0.00724025450493044,-0.0259890220281062,0.0188239125894795,-0.00878124821648957,0.0185321480791718,0.0133368751186457,0.00955155921222974,0.028385720374099,0.0100940892649116,0.000392998205790944,0.00859783574525272,-0.022845809345214
2008-06-30,-0.08596238482631446,0.0176471078395705,-0.016115019324502,-0.0304030475873801,0.0167328469458534,0.0042768169552252,0.0981827437100864,0.0174401302500159,0.0261723048979948,0.0374401411591314,0.0218622690823466,-0.0319399978861456,-0.0204278697641816,-0.0490712282939301
2008-07-31,-0.009859371185302779,-0.0259084952804034,0.0200993116815913,0.0488808436097324,-0.00354929649689855,0.0382653352674887,-0.0598802039772223,-0.0034809518215043,-0.010533648539463,-0.0166484867227468,0.000515521514499648,0.0367678644415674,0.0449909031830348,0.0446994401072192
2008-08-31,0.012190464669121548,-0.000112178321096491,0.00249521856591069,0.0230347344662482,-0.00727388927370143,0.0063646056427457,-0.0434440230821137,-0.0194599703936945,-0.00408747304295578,0.00176057880462689,-0.00699132765727331,-0.00176828202505115,0.0159662714103793,0.028039215605483
2008-09-30,-0.09079143354379215,-0.0142744061600836,0.00696313809422254,0.0527029472008011,-0.0170104072184959,0.0774435668156899,0.0224035195971546,-0.0172298221395025,0.00336990367132406,-0.0170063085816046,-0.0113746373413901,-0.0313874728901148,0.0187702627446781,0.0411174802708208
2008-10-31,-0.16942452401777075,0.00175125245152135,0.0109792217885774,0.0303248731194388,-0.00150082898655117,0.0642365330615977,0.0592823609679831,0.00902446729780186,0.0283586104119006,0.0125430098414742,0.00617850534488798,-0.00340901491072409,-0.0121919261717375,-0.00462013490586521
2008-11-30,-0.0748490423387097,-0.00416282336559692,0.00474935859958019,0.0058218528203331,-0.00869689898021975,0.0586124337023451,0.0407056534255422,0.00603726811743327,0.0278016759064517,0.00928413657414166,-0.00502380876736103,-0.0208587307022358,-0.0320631751932039,-0.00785470016712165
2008-12-31,0.007821576633499472,-0.00862204826865816,0.00376227898302607,0.00583254446906934,0.00462599232997151,-0.014903026744781,-0.0407317811422218,-0.00702825994084171,-0.0130838976836757,0.00482614154173578,0.00141973589175839,0.00803301269504985,0.0189515221802796,0.0231584215850349
2009-01-31,-0.08565734305805428,0.00281259374805226,-0.00247780700679133,-0.0331639050465839,0.0339459627959143,0.0208648938519628,-0.0142854479366596,0.0194749102439706,0.0126100557901138,0.0538832509968909,0.0198085612768505,0.00232966013186031,-0.00815476285151791,-0.0369462223086881
2009-02-28,-0.10993119762019943,0.00299490410635106,0.00547034013534373,-0.0161776921795718,0.031556247254801,0.0143221944226205,0.0147875170219697,0.0134100351696561,0.0298763521342858,0.0486697476613251,0.005846688919366,-0.00907342590359558,-0.0186311650447129,-0.0329472795055572
2009-03-31,0.08540446199532292,0.00397307827042095,-0.00301600512482161,0.0113231122104319,0.0154478320781726,-0.0508143538857197,-0.0578489352032512,-0.0302985743183537,-0.0226902988206508,-0.0144375158262599,-0.0102750434153859,-0.0193629646240346,0.0273181331716569,0.0157541107777591
2009-04-30,0.09392507914826331,0.012650583702252,-0.00382016450503246,0.0136572570216853,-0.0199575656161494,-0.129165210196216,-0.201906881863494,-0.0293902739753194,-0.0433485759455607,-0.0293495510765235,0.00461189870168945,-0.0430112873373592,0.0808657896803987,0.0851289810886784
2009-05-31,0.05308144638516654,0.0051840271709883,-0.00463507433183547,-0.0245061964583046,0.00400802746224423,-0.0401923183315123,-0.0855236218729876,-0.00200778734119931,-0.0105453582707432,-0.0266501642850251,0.0077210405146614,0.00776294804859436,0.0185089452829206,0.0109505694638306
2009-06-30,0.00019582726560996022,-0.000248605646507463,0.0048002668269797,0.0126952812194693,0.0123516422485061,0.0361369927573705,0.0125760267724482,0.00582662331093507,-0.00751661016384796,0.013551683862985,0.00177691330915592,0.0169337898195295,0.0268841591291451,-0.00179310367992155
2009-07-31,0.07414172714778422,0.0141789866710013,-9.6373423026103e-05,0.021783958641098,-0.00705234063382942,-0.0361648403848254,-0.0156080325932604,-0.0305073717249078,-0.0262369356774061,-0.0266544122562322,-0.00732649822542093,0.008509939206333,0.0189945013609685,0.0156382393310491
2009-08-31,0.03356018886854417,0.00244346761872341,0.0117872303897391,0.0290257518364649,-0.0132593879608682,-0.0317023996375765,-0.0259166877339088,-0.00597822702209012,-0.0287536247445303,-0.033378644322361,-0.00777880800933994,-0.00619638265724187,0.0151195819091851,0.0170052220838716
2009-09-30,0.03572334572311964,0.010044547753071,-0.0069495117460255,-0.00999152748383534,0.0141817922592021,-0.0312016692277463,-0.000993341551640333,-0.0108069790000772,-0.0116099640101184,0.00176467680999881,0.00179042095169619,0.000498704372633313,0.0182344231341971,-0.0107392743467997
2009-10-31,-0.019762000526814205,-0.00790033103725539,-0.00717208492679861,-0.00677047141553948,-0.013363980887598,0.0416258692674759,-0.0120430840231313,0.00828005311105715,0.0431637371909633,0.031641659775196,-0.00168420122779505,0.0116458166603828,-0.0367600585553991,0.0191720398115446
2009-11-30,0.05736406145372763,-0.00252757786529187,-0.00503582647198325,-0.00289661969466118,-0.00161538169600735,-0.0081397582022671,0.0139438266868717,-0.00613262681678091,0.00221980152347049,-0.00440797714348175,0.00190698273725026,-0.00542596358311755,-0.0118704674413768,-0.00213664152503245
2009-12-31,0.017770570919338313,0.0150431395403735,0.00525580811253022,0.0118452618677002,0.0163478280294257,-0.0207362395987242,0.00310621393246606,-0.00036320214527654,-0.0240439400391412,-0.00184052550394243,0.00293839125508608,0.00422481113408523,0.0353956103166457,-0.0090886608268342
2010-01-31,-0.03697424569226215,-0.00859206733809921,0.000364063940576016,-0.00245410481993167,-0.0153682768025859,0.00863098465304299,-0.0244880090687373,0.00196637091042762,-0.00111446951988934,-0.00870024154881874,-0.00184334943335301,0.021969018887694,0.00676143567101989,0.0191241296819554
2010-02-28,0.028513689046546054,0.010606567808311,0.00376064399784927,0.0141199795888495,0.00391134655275404,-0.0207989966596594,0.0187646355086536,-8.95637753086873e-05,-0.00768044549260437,0.00248565415660441,0.00613372160998336,0.00172402829685287,0.000427825058355673,-0.00482572376491795
2010-03-31,0.058796425545497355,0.00247943195442967,0.0133659641069057,0.0142727626969428,-0.00164065515526318,-0.0192297110242512,0.00231663540027198,0.00873503705134509,-0.0162672853802098,-0.011592345574656,-0.000291590491192626,0.00894861198179803,0.0155292668350456,-0.00296181251823861
2010-04-30,0.014759230482012997,0.0164471606621412,0.00927180596856425,0.0211926953481341,-0.00835546072840017,-0.0205483288941168,0.00193784837019933,-0.00359845598676006,-0.022480195009261,-0.0155448790581358,0.00826910303712193,0.0080547403342734,0.0240813154858829,-0.00255433746999673
2010-05-31,-0.08197584207319053,0.00146424082043021,-0.005069521642925,-0.00859728157584206,-0.00380856547629987,0.0221786656875945,0.00332265835599191,0.00578750836333327,0.0187848962587167,0.0200797651031146,0.00487337863217403,-0.00416873134082235,-0.0084229469375712,0.0064293266428711
2010-06-30,-0.05388244223983851,-0.00632637965724772,-0.012932942151364,-0.0231255898090415,-0.00409601084359206,0.0459984312336597,-0.00917131262244483,-0.00217272756447006,0.0204854998928347,0.0124653217182765,0.0042404952480495604,-0.00742188963097646,-0.0135152149945427,0.0039637890918964
2010-07-31,0.06877784957463517,0.00832231538170097,0.00372022167258498,0.0153385262166746,-0.00309368377296986,-0.0250158827051791,-0.00946035208197092,-0.00394151477901799,-0.00920235107965747,-0.0119238443957037,-0.00528006637582592,0.00687603102996852,-0.00218194055448855,0.0060325681793564
2010-08-31,-0.04744918363260475,-0.000325654508350015,-0.0173387345322235,-0.0239406136008152,-0.00130046564378202,0.0241051582240683,0.0188917817094224,-0.00500414181661075,0.0105086977237051,0.00955702345433467,0.00686931855801174,0.00639322183539594,-0.0256156565587481,-0.00726030115733737
2010-09-30,0.08755110305113556,0.00428399090165355,0.0153146866579703,0.00505467440040866,0.0227028723291642,-0.0398683917107255,-0.0181921937264471,0.0137201936919479,-0.00544082145290303,0.0151411255810936,-0.0100815368163627,0.0104351100256397,0.0181463208976255,-0.0138375161938786
2010-10-31,0.03685599403554063,0.00180510476254467,0.0020037333395932,0.000939961413489251,0.00986936604260588,-0.0112439191204748,0.00753444074762061,0.00436057501233622,0.00385342792951486,0.00649150202798961,-0.000891014574039649,-0.000672945908429982,0.00627771091005307,-0.00707256394897721
2010-11-30,-0.002290249746576656,0.0087060626423723,0.00414454972547854,-0.00709098315771654,0.0134964906076665,-0.0257683077691506,0.0145266873104151,0.0100326600060223,-0.000949581816356411,0.0172360872715995,0.00506108599396342,-0.00483842139875121,0.00408783882799261,-0.0200931476188474
2010-12-31,0.06530004034715509,-0.0028359495951869,0.00398439530705399,0.0128359374833601,-0.00169508363132325,-0.0214682165489735,-0.0263347115440871,-0.00303445779924142,-0.0254718952181943,-0.0300301118874121,-0.000254950176878206,-0.00203602667917675,0.0264042169754184,0.000316993642805233
2011-01-31,0.022645574359139164,0.000903229876296945,-0.00129716792430086,0.00113913185104514,0.0016013605746064,-0.00403957014258964,-0.0125593085560409,-0.00675459451674143,0.000566566782523691,-0.00512551186039155,-0.00326270384036965,-0.00476622005872833,-0.00926128415666523,0.00622642732079232
2011-02-28,0.03195656372809341,0.00456066492145173,-0.00111931919756283,-0.000842206781640159,0.00238554072401394,-0.00945059474507758,0.0116391823598913,0.00303353392007433,-0.0035601679125666,0.000724887642241456,0.00201377197698975,-0.00624188284861173,0.00660681447664889,-0.0074234439872076
2011-03-31,-0.0010473129391664893,0.00802130190443613,0.000923850712669567,-0.00424444594447513,0.00171078987194992,-0.000488581196465736,0.0100280578325541,0.0024969575027364,0.00116533479881889,0.0105117417739468,0.00481632983825916,-0.00489185704185601,8.81514100089464e-05,-0.00638937189867061
2011-04-30,0.028495380666536008,-0.00258633561278852,0.00231966198388853,0.00240646979514021,0.00338415914061623,0.00829367117770542,-0.00681622974668561,0.00297958956675161,0.00863193052857754,0.0129134897159348,-0.0032364645658904,-0.00242846873147095,-0.00660673640742354,0.00143216209771758
2011-05-31,-0.01350095289522324,0.00757238077042033,-0.00228063585229157,0.00494123135176439,-0.00587678379271757,0.0185050993008143,-0.0097287457224762,0.00028870747713972,0.00575119423291441,0.0115070468248846,-0.000559974488109809,-0.00503484181672437,-0.009966441550865,0.00906231822786072
2011-06-30,-0.018257461652479323,-0.000286457130958728,0.000463623934817408,0.00110337392365527,-0.00757665574638699,0.0153322151289839,0.0149206666960404,0.00428048850048148,0.0116710224115449,0.011574594351372,0.00277972765425636,-0.00589368076462439,-0.0114232973327018,0.004036304148059
2011-07-31,-0.02147442530666621,0.0117987067292261,-0.00991144739071135,-0.00969101162279851,-0.00402388252320732,-0.00521532464557612,0.00755028961286538,-0.00197308258214643,0.000333390923405112,-0.00495067188852685,-0.000688844456960577,-0.00217895783588207,-0.0121587461652832,-0.00781645961398646
2011-08-31,-0.05679110795232889,0.00132210879880242,-0.00721674199726568,-0.0012534392690519,-0.00857670588970634,0.0505760821709074,0.011232076514157,0.00173276245890655,0.02278514723941,0.022290057947168,0.00179318614146695,0.003303438498445,-0.0285363661914451,0.0102037164509909
2011-09-30,-0.07176198808089651,0.000524950639343054,0.00543966506709643,0.023578029209751,-0.00595387319557656,0.0671555521965551,0.0184587213467699,-0.0237518106065346,0.0167994639038579,0.0247000637651029,0.00146865522774398,-0.0249231680534539,-0.0177121976784644,0.0176955269318081
2011-10-31,0.10772303843744147,-0.00539360793102797,0.00332973550718509,-0.0145397284064434,0.0105951578448789,-0.0660372508119488,-0.0615236251420711,0.027170565419408,-0.0018667615159648,-0.0079254409327354,-0.00740022819786883,0.0263803921042157,0.0201151617144859,0.00301460963365571
2011-11-30,-0.005058715107011391,0.00239121886438429,-0.00206167012971248,0.00671574473314473,-0.0119795846349195,0.0198296032909131,0.0240276328939259,0.000395864256273073,0.00534147658326547,0.00347383911311469,0.00183807329424272,0.00205689605160731,-0.0161195754448849,0.0025506788749773
2011-12-31,0.008532763666636134,0.00768541326376036,0.00364136538117984,0.0259992516210441,-0.0203339986958281,0.0355208523385563,0.0189872551397011,-0.00876109211880863,-0.00372861728709372,-0.00905692254683088,-0.00277343460448154,0.00806607065696553,0.00579965839863751,0.0221321511559589
2012-01-31,0.043583062704985354,-0.0211677560918789,0.0122468892769149,-0.0207340539457901,0.0320797937885719,-0.0555417987668045,-0.0605035664521537,0.00542068127971485,0.00265252656330252,0.00722199708408589,0.0040515580313106,0.0162763488052163,0.0300731919081559,-0.00961470020693076
2012-02-29,0.04058946376811723,-0.000313477685386314,0.00605897245020337,0.000729738597787681,0.00165185623540438,-0.0208061578150055,-0.0165133764777622,0.00617373804816461,-0.00198063411759936,-0.000526349478401863,-0.00049540028138011,-0.00655328925893622,-0.0149747481840492,-0.00414768916982929
2012-03-31,0.03133231453144192,-0.00556280992815726,0.0125494233414583,0.015167100544716,0.00216450520172516,0.0146432589277905,0.0214812290760314,-0.00715566249716125,0.00175294323435969,0.00853482976746297,-0.00826611555604678,-0.000957977807221971,0.00142892520332674,0.00294885422953809
2012-04-30,-0.007497452372495994,0.00984848556180384,-0.00505131435895475,0.00520338742626354,-0.01481207539863,0.0224216974935486,0.0188040092834869,0.00529102164649207,0.00278859044443807,-0.00140197072402561,0.00334191301971343,0.000286680730530743,-0.0190643929927621,-8.32063251891618e-05
2012-05-31,-0.06265072571454366,0.00642157927000357,9.81607209481265e-05,0.020876812984773,-0.0194555512953045,0.0508006933937592,0.0352481991404575,0.0071697276600787,-0.00111446221661345,0.00017105452037335,0.00569171339168859,-0.00217316598219891,-0.0100553198792227,0.00574033085704531
2012-06-30,0.03955498222833631,0.00686712408620328,0.00574889503851049,0.0117453945957333,0.00200638247445618,0.00279831270761081,-0.00452812593694299,-0.00115682669385937,-0.00873884299572551,-0.0128228841352471,0.00283914174041625,-0.00252744898635453,0.0147861936054787,0.00442149238620888
2012-07-31,0.012597574204787909,0.00658171905954618,-0.00830424250574407,0.0041259265279716,-0.0125898438507712,0.0111208587985367,0.00521125614765931,0.00281619972317448,0.003907908869339,-0.00469383396130308,0.00138002780610869,0.00547681980725445,-0.0145380861857905,0.00804948728833291
2012-08-31,0.019763369506085704,-0.0120214640650545,0.00212784536508325,-0.00598496591575449,0.00862170745730471,-0.0282471074676256,-0.0189108897838673,-0.000380705596423995,-0.000763030920900096,0.00410933622892062,0.000430141922447375,0.0018725927777432,-0.0038091390405768,-0.00354173262291226
2012-09-30,0.024236153617775313,0.00694614934256439,-0.0006851453312396,-0.00042349659071248,-9.51110971195744e-05,-0.00711717473574075,-0.00734262493107154,0.000575552797796388,-0.0077739506955450096,-0.00926815448298073,0.00612826977334855,-0.006015101433085,0.0127661742445426,-0.00437970515648848
2012-10-31,-0.01978940971629395,-0.00152194929573682,-0.002341199632872,0.0152238325454035,-0.0305476319184226,0.0139432252632333,0.00356315043338737,-0.000270410110862363,-0.0023300026174533,-0.0221165760026684,0.000169961954283905,0.00121967712846324,-0.0169985422191515,0.0246912154262745
2012-11-30,0.0028467166850427716,-0.00917101785142185,0.00754508538423276,0.00311794130006857,0.0105676069605682,-0.00373061334533545,-0.000434242323611391,0.00202427660600818,0.00808780831982022,0.0183141268591608,0.00346854155525217,0.00633199080340553,-0.00300998298034551,0.000223714463410546
2012-12-31,0.007068230956284616,-0.00270606119325562,0.00395293480399388,0.00319686986671062,0.00170307079333905,-0.0167178681997934,-0.0147642306592628,-0.00355680661709904,-0.00742880724176203,-0.0111998903986079,0.00175619742898445,0.00737127680974338,0.016864172124563,0.00689939970239682
2013-01-31,0.050428096466868855,-0.0066583486103342,0.00552753254685861,0.00690588202356227,-0.00019080838880223,-0.00991587794431422,-0.0026263844872507,0.000965081090286987,-0.00289133129024442,-0.00416141202343115,0.000527104262933649,-0.00877477114010444,0.00354814786394695,0.00745576564880941
2013-02-28,0.011060648765041536,-0.00112267454702387,0.00453610939750313,0.0120741644938834,-0.00818232424372128,0.0156887244299367,0.0148774386483425,0.004938769664624,0.00555084017059892,0.00328743331259412,-0.0026682845427819,-0.0080293734478768,-0.00269678785854526,0.00787406768288583
2013-03-31,0.03598772398287298,0.00821004421356569,-0.00181442490267876,0.00800842220399373,-0.00629503693083194,0.00220663998092632,0.0103911202419945,0.00507038533055189,-0.00533086866365145,-0.00446442658209553,-1.25857014073617e-05,-0.0102439995840028,0.00453238465750255,0.0030825520292587
2013-04-30,0.018085767779890016,0.00268597831153474,0.00336165615332145,0.00582497084002956,-0.00818047735161844,0.00942531696100551,-0.000441383664609076,0.00715255148107088,0.000722827329426937,0.00099840937463128,-0.000710883388081858,-0.00899918943631253,-0.0158478840959921,0.00589223018875944
2013-05-31,0.020762811683057825,-0.0138023158948603,0.00979578555325815,0.00209942968406922,0.0134202331240615,-0.0322191060810844,-0.000493953535619852,-0.00726236538964496,-0.00332397599359472,0.00471880872091929,-0.00290710961142385,0.00676309374487027,0.0240698463274805,-0.000419312220345639
2013-06-30,-0.014999301595580827,-0.00111679257944318,0.00262203881571753,0.00304652438828673,-0.00452126502330161,0.0167420843566659,0.0121301572612549,0.000890612727934189,-0.00113329692817223,0.000674643298328145,-0.000936859597940507,-0.000532102686039618,0.00955981343570625,0.00125269734515793
2013-07-31,0.04946207991308538,0.00284425620911548,0.00275408622725802,-0.000995515944888771,0.0129954798289016,-0.0163272498480733,0.00736926044244341,0.000674808051752527,-0.00603538525031357,0.000698176033412853,-0.000844404350487138,0.00697756802594298,0.0162716185034689,-0.00496566541120681
2013-08-31,-0.031298019479343964,0.0031950040579822,-0.00576720328058918,-0.0134319209356504,0.0109195911817549,-0.0122497486617955,-0.00528487913753757,-0.00348087095474637,-0.0019461133328805,0.00422029185473192,0.000105386140067043,1.16311069572374e-05,-0.00172270798877086,-0.0112361235209911
2013-09-30,0.029749523259195332,0.000663876036136524,0.00268671952934979,-0.00420879010002617,0.0126114494372937,-0.0111134077139603,0.0170728182994311,0.00558725094861135,-0.00319544222055111,0.00801811621006934,-0.00546707865342355,-0.000970882649313489,0.014583142783072,-0.0142816984364736
2013-10-31,0.04459575276194472,-0.000492855334228416,0.00109805422715522,0.0111265336093947,-0.0188868293741646,0.0146315413719568,-0.0027007225607615,0.00404042306380948,0.0163487258766623,0.00157532277902949,0.00226054468494805,-0.000680701811887128,-0.0180181238171009,0.0204521889464273
2013-11-30,0.028049471367328715,-0.016601487719667,0.0137440155079191,0.00326645079934303,0.00298071889755117,-0.0034558015220842,0.00799220641633619,0.00432060842651876,0.00235724014259402,0.00453999649519422,-0.00310570909353542,-0.000836969487603315,0.0149235894649532,0.00526691047412432
2013-12-31,0.023562791975445974,0.00377209538279395,-0.000930534332098145,-0.00188530166225994,0.00733506872150401,-0.00948522433911157,0.00292641397805513,0.000644418206998254,-0.00316190454652478,-0.000791445275467364,-0.00190786639024149,0.000614771905848515,0.00399666560221788,-0.00458836059729824
2014-01-31,-0.035582905955811595,0.0112235010730025,0.00111527801633699,-0.00378556349539435,0.0253972847727831,-0.0134486163104801,0.0023238206714463,0.00235669169684299,-0.0225990938904325,-0.00805920488806199,0.00552369367330918,-0.00616103897334911,0.0162292536215387,-0.0281922965774732
2014-02-28,0.0431170301781616,0.00282902467274388,8.77660741318584e-05,-0.00698129580569401,0.00992984122764767,-0.0185153283973694,0.0126329154216183,0.00178403491672458,-0.00108708375917107,0.0075014733866,0.000251987602216807,-0.0083547162577332,-0.00552488672472675,-0.0113381436507102
2014-03-31,0.006932165418227054,-0.00179632208673685,0.000387729540613261,0.0195240739390207,-0.0306876010797247,0.0289479567327915,-0.0178530545705067,-0.0016226266793826,0.0178685733496856,-0.00433058910557674,0.00513004521027967,0.010372334717309,0.0052440944933889,0.0441441762708726
2014-04-30,0.006200789153414155,0.00642113087799076,-0.00740488357232545,0.0126006160633555,-0.0320700087264549,0.0242906639923511,-0.0209208687531535,-0.00317737562072562,0.0192078285263192,-0.00580548957631754,0.00814657889714414,0.000123582956360009,-0.0258593942484082,0.0342818534840722
2014-05-31,0.02103028007328045,-0.000504441199553771,-0.00220571136225775,-0.00480516299081897,0.000274720650419216,0.0012506267058711,0.00722111360694878,0.00280074773166751,0.00747359512543931,0.00752060716420853,-0.000431750482503181,0.000859656294013358,-0.016867435301741,-0.000936557373413972
2014-06-30,0.019058331749470137,0.0128533970064354,-0.00336237136181728,-0.00304499786230673,0.0175079157280487,-0.0250359919082306,-0.00197340409235284,-0.0012745399647573,-0.0243412378808,-0.0166347250407298,-0.0018259204583207,0.00575119299522565,0.0263995267113596,-0.0223453920371488
2014-07-31,-0.015079830845342368,-0.00633968934926623,0.00299260029306227,0.00470226566172075,-0.0041014121396081,0.0128560334559256,-0.00465447987143031,-0.00605280332232876,0.0156499212288709,0.00842134858965006,0.00262501358539046,0.00898343094488576,-0.0260203746052992,0.0146264805915708
2014-08-31,0.037655295579825276,-0.00208454661931197,-0.00119048270631898,-0.00869030148263585,0.00884293488998531,-0.00926763030454562,0.00215574897104619,0.00255406833251497,-0.00281019478565911,0.00405388411651477,3.0691250197032e-05,0.00890673304295334,-0.00372563379603517,-0.0093884018480454
2014-09-30,-0.015513837249453988,-0.0159093131000728,0.00862830717915162,-7.6638090736168e-05,0.000898369595933029,0.0247439047104045,0.0066938932797071,0.00141641295434671,0.0170536780261753,0.0170951737004551,0.00112801884686229,-0.00642496280573618,-0.0274296130617025,0.000535574174630054
2014-10-31,0.023201460667203078,-0.0185488888791535,0.00869780969621805,-0.00726583440230067,0.000948573323203413,0.0230324236720775,-0.00729929622419801,0.00246302754801003,0.0102871669785423,0.0147737970293644,-0.000383773875436766,-0.0103567830732134,0.0111191814214281,0.000376780569604885
2014-11-30,0.02453358864631494,-0.0155447746675453,0.0118961688181432,0.00912455776182086,2.3776105856019e-05,0.0239625674052712,0.0286536751364563,0.00518691372219013,0.0161300318405263,0.0244373871754133,0.00745801306014113,-0.00505373448396578,-0.0168206490424363,2.25159215192528e-06
2014-12-31,-0.004188587515997044,-0.00263115310379999,0.00512096256748777,0.00416934646329163,-0.00143617208146799,0.0113382865755601,0.0162728269724945,-0.00543983883392552,-0.00745603354920273,0.000774995470742494,-0.00141493962713241,-0.00657700427168041,0.0196218683022876,0.000348045011864349
2015-01-31,-0.031040805838410623,0.0101999363028717,-0.00235716426930605,-0.00806079529355364,0.0131392002825816,0.00342281608145795,0.0283462448384281,0.0102323743176524,-0.00216117481036225,0.0119830454807631,0.00145184138102497,0.00531912223296079,-0.014608473320685,-0.0224163913091852
2015-02-28,0.0548925108906233,-0.00581079614637111,-0.00257631249637424,-0.0110632943849095,0.00981753167666798,-0.0199417112839044,-0.0277425017687925,-0.00194922856891899,-0.00440751148761128,0.00153893165481972,-0.000812870523014665,0.00917485536614854,0.00764561327796928,-0.00682614923557701
2015-03-31,-0.017396107114219572,-0.0053659478007463,-0.00275906817819064,-0.0141301730666113,-0.00258718814245899,0.0091769488094749,0.0250948161977585,0.00411132412145914,-0.00218137747091027,0.00318693343171322,0.00187715210390892,-0.00414806818142284,0.00293879145431217,-0.0117940162067601
2015-04-30,0.008520819822535275,0.0148859968190627,-0.00493826868933677,0.00627799933304349,-0.00340983004313263,-0.0123100696654001,-0.060480148958366,0.00152489782284615,0.00305808542750658,-0.0144974116446296,-0.000267151625486824,0.0159783204847068,0.00201917616139491,0.0188771228483552
2015-05-31,0.010491382304589791,-0.011473072644844,0.00434816612267333,-0.00924708836081069,0.0165376569288143,0.0039132002226758,0.0446943479149752,0.00836109539111686,-0.0112428426527171,0.00364781914574631,0.000509909806445782,0.0149139939311458,0.00391300042114913,-0.0210619654281045
2015-06-30,-0.021011671979729973,-0.0132673486426994,0.00229814982466341,-0.0108775596982816,0.000984688795490877,0.0112989847146907,0.0200165745106546,0.00302169593458796,-0.00258742465455218,0.00183223652864982,-0.00226712689335076,-0.0111892039226418,0.0102062454224036,-0.00926393199068997
2015-07-31,0.019742029435184882,-0.0117370690241175,0.00730014074009334,-0.00567997056810182,-0.00293508974096472,0.0436020509437298,0.0362426755012861,0.0142771082231164,0.0146702082611232,0.0162782207187999,-0.00194265520738084,-0.0103461767945567,-0.0381572010241208,-0.0136958751761662
2015-08-31,-0.06258081825586559,0.00715687059016843,-0.00090987886392411,0.0107400421616593,-0.0123370643588662,0.00999746056401156,-0.00887110601308726,-0.00539156129542397,0.00713717450195286,0.00141074324355773,0.000753681545375584,-0.000940677031308095,-0.000993693213016236,0.0142716139735024
2015-09-30,-0.026442831280001466,-0.00430333531547256,0.00730235160344747,0.0117333951844325,-0.0130268187741611,0.0504860834216007,0.0374142490633672,0.0114183571669048,0.0303060819757682,0.0193259893708624,0.00406775903330125,0.000727782726862769,-0.0206362932737659,0.0167852515200547
2015-10-31,0.08298311781266654,0.0120076022515586,0.00137321710882997,0.020774141036401,0.00545117825544087,-0.00910462658465566,-0.0344152064204291,-0.0143933028694618,0.00481174591086442,-0.00113187774571555,-0.00285834445896605,-0.00338220100951337,0.00467920329994299,0.0128083147456334
2015-11-30,0.0005048691103348713,-0.0133522154216723,0.00729985383686335,-0.00800190600718292,0.0211463656831976,-0.00578746715494784,0.0110101402172032,0.00715668388290813,-0.00677618823157259,0.00183422137754475,-0.00123436026547428,0.00108153026881796,0.0245184823990922,-0.0147102983575074
2015-12-31,-0.017530185032692547,-0.00765695919336488,-0.001052785045274,-0.0122370779250219,0.000739653311336481,0.0247821382518863,0.0226043661628743,0.00734240650659853,0.00894292893178236,0.0176466497822522,-0.00340021469587911,0.0057273678439627,-0.0188295759478839,-0.0115652753037491
2016-01-31,-0.0507353220469523,0.00409934420677228,-0.00467051261399926,0.0300222507472827,-0.0415143747137379,0.0569045950768131,0.0131286787081986,-0.00714277924709491,0.0347224975056992,0.0198881918408395,-0.00878641519453871,-0.00553205026271457,-0.0402075416644188,0.0342366536709938
2016-02-29,-0.0041283603090035426,0.0132619082252214,-1.70668075000922e-05,0.0159924114590811,-0.010006119302673,0.00230346607563455,-0.024648116533925,-0.00609118320950622,0.00980175940951784,0.0143371334702489,0.00229307903313794,0.00766071884639621,-0.00211192121041257,0.0208856517276436
2016-03-31,0.06599111444005845,0.0125230032494805,0.00441532579634074,0.0191332145908129,-0.00488966700444121,-0.0178874485519288,-0.0313181074309035,-0.0156978814692498,-0.0106831739912159,-0.0185102377860937,0.00172841765577194,-0.00408174943522167,0.0150364701315327,0.0136999818029574
2016-04-30,0.0026993982833325436,0.0165477513500546,0.00338121350391222,0.0188882113019201,-0.00143912422893259,-0.0416033364914941,-0.0403402756869593,-0.0111779415455422,-0.0366537732071822,-0.0492296595180343,0.00502676072099565,-0.0169972622548515,0.0278288377358547,-0.00202267924306869
2016-05-31,0.015324602525288444,-0.0149365121890409,-0.00192495261513965,-0.0139183019381926,0.0141441395146941,0.0144258847643669,0.00561259416721871,0.0120702289302188,0.00597025851900296,0.00655378298523191,-0.0044827588058913,0.00592510262947287,0.000674427852084551,-0.0118918192481303
2016-06-30,0.0009109212401243738,0.0233649953926434,-0.00226772260999416,0.00847723877763678,-0.00622447874023219,0.0216616560747299,0.049632662473766,-0.00608658133377024,-0.00629747155046255,0.0046391164926065,0.0116937158884107,0.0270797095585303,-0.0113164410635726,-0.0142234994822937
2016-07-31,0.035609800753315435,-0.000571790343967144,0.00225118544446865,-0.00971400617132915,0.0236341151745143,-0.0303097070015256,-0.0259904975343374,0.00203603858431004,-0.00618404179495929,0.00776608951432602,0.000972999866115434,0.0261795674552586,0.0237043981668542,-0.00240125130990215
2016-08-31,-0.0012192428990193127,-0.00828170464876774,0.00492792678069551,0.00565662895212441,0.00609310817545006,-0.0119680913876373,-0.0281774130265746,-0.00967688458201502,-0.00302399149450522,-0.00766300443602232,-0.00910739171010549,-0.00870315202593638,0.017712117918067,0.0131673572664404
2016-09-30,-0.0012344511393173052,0.0161857215449236,0.0019562573594931,0.00913298462884295,0.0162379550046004,-0.0208615705200844,0.00535663417508302,-0.00865137176454183,-0.0218980252467489,-0.0137842642402462,-0.00321460613932636,0.00201384145797804,0.0253918443065926,-0.0120144235897712
2016-10-31,-0.01942567890903446,-0.00274320972999499,0.00365448814341619,0.00816335910821127,-0.0206392054138484,0.0243574078641089,-0.0115592020853535,0.00066364918136393,0.0198044735304113,-6.18725696587295e-05,-0.00177573923122691,0.00939096615808845,-0.0202831453129246,0.0319575606273069
2016-11-30,0.034174521829295035,-0.0111813976248396,0.021728597594535,0.0252421882638525,-0.00527103136733167,-0.0283145029679699,-0.000719518360340643,-0.00785137765440774,-0.0115213871116091,-0.0242580449254997,-0.0120146438299584,-0.00775113926134484,0.0430633351901673,0.0310741836854755
2016-12-31,0.01820076244186586,-0.00792022863643222,-0.00488343536952405,-0.000777080673296675,-0.0151844876074299,0.0183862644301455,-0.00646598139024668,0.000908811356074171,0.00852436516151957,-0.00775463956903229,0.00197698478530656,0.00264461837273498,0.0134508878784127,0.0191436763746644
2017-01-31,0.01788435819838252,0.00875027219479644,-0.000640369697451595,-0.00932106093158032,0.0175610789030739,-0.0139784188745819,-0.00758238989698314,0.00164647256118196,-0.00435505980385968,0.000346363376893448,0.000588597089889233,0.0110418369565482,-0.00717448142624884,-0.0142556078844792
2017-02-28,0.03719816006681631,-0.0144415161085137,-0.00819225500937765,-0.012980991167846,0.00542800284884581,0.0123593719778763,-0.00840067257430592,0.00219269530360868,0.0143505550534229,0.0115120729945502,-0.007552085912015,-0.00165055050725662,-0.00626924751460629,0.00391515685579772
2017-03-31,-0.0003891971352694146,5.82720832065923e-05,-0.00206143363496045,-0.00546444184077984,0.0116103459209649,0.00252991386694484,-0.00173765486040169,0.00616480494726671,0.00666143612538967,0.0168075540843158,-0.00102631811196599,-0.00405290373220144,0.00445999046487,-0.0114952865252243
2017-04-30,0.009091208748854607,-0.00376018352451276,-0.00278844027895068,-0.011957139831797,0.00831390632407966,0.0151578779780287,0.00491693699751917,0.00460684704653886,0.0107038607688223,0.020814124862198,-0.000503766397225318,-0.00829053234942679,-0.00219280048439379,-0.00701670971913973
2017-05-31,0.011576251246328662,0.000346726384974506,-0.0124436499453467,-0.0195399765500585,0.00854128401694941,0.0207734542000593,0.0174647513602954,0.00780277114782306,0.0188423758347097,0.0251537569496739,-0.00480249794557809,-0.00948885280704498,-0.0224993348264608,-0.0183687244674227
2017-06-30,0.004813775207812565,-0.011826274690434,0.000144428450215785,-0.00704764983758232,-0.00108393424168422,-0.00631948572017473,-0.00849804915963499,-0.00852287677956812,-0.00614322361078989,-0.0144301493288192,-0.000695687712018792,0.0106087585340649,0.0249272134783323,0.00944298735025886
2017-07-31,0.019348826001101882,0.00396831520170382,0.00276155026682757,0.00243307095051029,0.00281768023505789,0.00038937040722565,0.0113674996927205,0.00763161324950069,-0.00368522208298715,-0.00721890153132082,-0.00441871674945945,0.00836611797595437,-0.000498649957628729,-0.00136911321764485
2017-08-31,0.000546433019853243,0.000930733012352398,-0.00370172666132411,-0.012473247341806,0.0181188582125374,0.00979065979154685,0.0277496578290584,0.00229890110278783,0.00724968902926567,0.0155763322184986,-0.000481320883272499,-0.00107013578139503,-0.00352950015475633,-0.0186153625512994
2017-09-30,0.019302978562167672,-0.001079610201897,0.0126326348595298,0.0105663798244591,0.00213311975329317,-0.0199024551968192,-0.0135195332998891,0.0012204169538548,-0.00856078821130736,-0.00989637233483418,-0.00761156168562689,0.00559357161519418,0.0305463635413166,0.00751844142447293
2017-10-31,0.02218813506615125,-0.00151313256289963,-0.00537719159829898,-0.0114536687973156,0.00757520393166858,0.0111366653298136,0.0360377769376132,0.0103105485318304,0.0114037868660676,0.0133673696396804,-0.0031953231057278,-0.0011555016370077,-0.0117082515908916,-0.00882241612093935
2017-11-30,0.028082627806563343,-0.00100920442536746,-0.000227218054558356,0.00195535176550561,-0.00543028059017619,-0.000622006326551327,-0.00558110061147137,-0.00482514230933024,0.0128453682422778,0.0136182837543829,0.00582707128580657,0.00120325691369358,-0.0132338076169199,0.014725542077715
2017-12-31,0.009831630594270502,0.00831626298911499,0.00618973810972903,0.00749067557638861,-0.0049980461235086,-0.0174877702278311,-0.0166453727559776,-0.00476416757544982,0.000513149289919008,-0.00325657938258811,-0.000135763056539168,-0.00114394959769523,-0.00740997567734416,0.00919795653562356
2018-01-31,0.05617870412552817,-0.00449546312169802,0.0119181340813813,-0.00529866760260153,0.0223265334501362,-0.00813084658118132,0.0138466121505994,0.00903466166723107,0.0087382731276381,0.0169232037967559,-0.00733439949548965,0.00415387886075007,-0.0164494383996055,-0.018033549582304
2018-02-28,-0.0389473718793677,-0.000521870716155558,-0.00246482002048349,-0.0131304991182663,0.0211069610582241,-0.000657652277832251,0.0101225042190287,0.0064959755275732,-0.00102738301551379,0.0112222322748717,-0.00499115192899857,0.000259677492894045,0.00769113126175437,-0.0177684333790656
2018-03-31,-0.02688449860055664,0.00757288869891674,-0.00343362579053445,-0.000329584103822527,0.00265511714300376,0.00175876713924847,-0.00568595463705923,0.00297350305394929,-0.00720579007835098,-0.00116909228211136,0.000610682937945669,-0.00648490965071907,0.0103739336395502,-0.00345930896051925
2018-04-30,0.0027187749953683227,0.0177975699659412,0.00206277665642698,0.00980949298217445,-0.00511423680602921,-0.00104832707925382,-0.00567782825972764,0.00066884894513796,-0.0132048760478853,-0.0156135578711217,0.00101200375146144,-0.00594891444642714,0.00921279231330297,0.00537343264227658
2018-05-31,0.0216083418545836,0.00200972455000135,0.00504724373022079,-0.0131331964117815,0.0356843864360642,-0.0267084446748457,0.026442509322962,0.00744421259180582,-0.00998848148388116,0.0128669988210754,-0.00154931255703177,0.000942554847595853,0.0291654408918885,-0.0327924969940532
2018-06-30,0.00484243626760783,0.00942907420384558,-0.00386472540214512,0.00389283156345402,0.00092324678062952,0.000119438105189612,-0.0113646509826811,-0.00896520272181483,-0.00306704819787591,0.0052460459724711,0.00535049220916607,0.000415031909640146,-0.00309952255797749,-0.00602122437478783
2018-07-31,0.03602155617289915,-0.00555028672102201,-0.00253791875218394,0.00341131104796787,-0.0126294580369456,0.0226594050693169,-0.0148075776711486,-0.00174056764732448,0.0149032859802946,0.00404017169619329,-0.000608782792103543,0.0162393566654557,-0.0139720549090013,0.0167897320548726
2018-08-31,0.030263211276748248,0.00560901174908103,-0.00168044272612368,-0.0202108832781577,0.0333114090877045,-0.0126273632194091,0.0418701395764238,0.00439783637679028,-0.0154293737463993,0.0208403187686781,0.00208631538901963,0.00934517119723967,0.00501250387964393,-0.0426271877543365
2018-09-30,0.0042942874264617625,0.00842843112228213,-0.00369306474568501,0.00209958451945961,-0.00447671188024183,0.0041910777668194,0.0106997737792499,-0.00387352765687186,0.00403748412034,0.00316314093553178,-0.00066219124377795,-0.00559783112334297,-0.0196696194107008,-0.00406511628955401
2018-10-31,-0.0694033560936963,0.00352441909259476,-0.00376317988435022,0.0241376068604118,-0.0347103890947629,0.0456466429531927,-0.00971523374481862,-0.0124797919607932,0.0161964762883814,-0.00467778548509283,0.000827751428312669,0.0108422810424362,-0.0249678922081214,0.0336430529133096
2018-11-30,0.01785935665477978,-0.00672436360828355,-0.00736381946944562,-0.00426377754763594,-0.00584651357352829,0.0190532515034306,-0.010127780214795,-0.01000278322483,0.010853460325755,0.00300010022318422,-0.00254102284546572,0.000183269908100676,-0.0117212063736253,0.00593309252237189
2018-12-31,-0.09177689467997252,0.00550261084628887,-0.00118719176804456,0.00230582150410617,0.00497125230550246,0.0274167242585991,0.0172020107175297,0.000627948175535594,0.0117199628432853,0.0158345949595456,-0.000493195798847307,-0.00519385326048046,-0.0145066706714966,-0.00816923235738682
2019-01-31,0.07868440166582613,-0.00799288308867478,1.18306659440265e-05,-0.0231152342145926,0.0223604103982252,-0.0556524029730264,-0.0521959100649158,0.00563715933133425,-0.0201971894973018,-0.00872249328778899,0.00432176076701865,0.00287669549197096,0.0204556205259628,-0.00461243238035029
2019-02-28,0.029728889343927145,0.00105867620164495,-0.00173894141663156,-0.00859341171986042,0.0196359405884409,-0.00843087316330862,0.00236600711861783,0.00263503060065929,-0.00387719469930875,0.00365336266775306,0.00252994541576483,0.00191576040382141,0.00974294544104618,-0.0228245638998068
2019-03-31,0.01792425624958849,0.00617937855135805,-0.00343879661605162,-0.000742800094218035,0.00853609132341408,0.00870039553609923,0.0204403944262735,-0.000465864041903685,0.00380482094783311,0.0123787512587118,-0.000580483298264853,-0.000320687042488637,-0.0272561993976022,-0.01724526723054
2019-04-30,0.03931349831373798,-0.00837854113614272,-0.00218541703712017,-0.00454718370134628,-0.0122652851932698,0.00307226824634951,-0.0134823360949993,-0.00337289326139241,0.014592094917046,-0.00281310701281224,-0.0033373516519882,0.00347923669135522,-0.00935723732303988,0.0233881224288867
2019-05-31,-0.0657777313668354,0.00836831103249077,-0.012956651586423,-0.00165065609533538,-0.00752700450452294,0.0456387295530697,0.0646384662623107,-0.000695410593966856,-0.0108785279258955,-0.00817195920411037,0.00405137461948541,0.00648049012205805,-0.0239021616695077,-0.0326911613788075
2019-06-30,0.0689301639982407,-0.00914105150324897,0.00367354392870786,-0.00202525626183777,0.00672993628408078,-0.0214664127694214,-0.0206922444879557,-0.00631761768810523,0.00600225234447126,0.00639775700651369,-0.00437739377163734,0.00923184057389125,0.00026179930598057,0.00771264849122709
2019-07-31,0.013128152166957952,0.00459454459767765,0.00113472282865792,-0.00206796149369896,0.002569846177519,0.00331349699834317,0.0144093360037831,-0.00139361123215973,0.00329853096083948,0.00549861644406756,-0.00114817450309219,0.00409493883246487,-0.0145944535520014,-0.000688319572435182
2019-08-31,-0.018091627240523933,0.00303748569029315,-0.0117590553481755,-0.00112825458162692,-0.00953031285638169,0.0407875851018239,0.0724636091074633,0.00678180541253341,0.0130951028426406,0.015548943793379,0.0108939982641375,-0.00558104682257686,-0.0287898551869574,-0.0198726406996088
2019-09-30,0.017181177931020697,-0.0075506313561025,0.00124911310356529,0.0265056311117265,-0.042243549039637,0.0165795031116202,-0.0459917514364231,-0.0109262881399053,0.0243948057082064,-0.0087290554072225,-0.00308521593967052,0.0262579771199355,0.0145532819115784,0.0684640239961056
2019-10-31,0.020431770513684056,-0.00904357052598709,0.00156387006861889,-0.00932562759436856,0.0130602784982071,-0.00935429124585356,-0.00757999256229155,-0.00586985490579865,0.00298927189249954,0.0119286213579785,0.000635621102145554,-0.000786205099169324,0.00715382691491086,-0.0038364748224506
2019-11-30,0.034047037714499906,-0.00409276710672651,0.0042618659271084,-0.0188601568380595,0.0263053654022604,-0.0274064593932679,-0.024886812320954,-0.00147331236923461,-0.0126806943139495,0.00208120499741018,-0.00173672701902021,-0.000145683265775671,0.00898668725527411,-0.0184391990551973
2019-12-31,0.02858981890573009,0.00343409373803664,-0.00232036690980337,0.0055533000171089,-0.00176203355802104,-0.0169535408074882,-0.0142427192290436,-0.00713592536632917,-0.0053806598369538,-0.0126095694686021,-0.000796250000056092,0.000385295733986283,0.0251537112737314,0.00750654134170249
2020-01-31,-0.0016280928190489652,0.00233193045303,-0.00670671912772002,-0.0211885273187491,0.0153677135183365,0.0201146767435432,0.0276582408703383,0.0109249862331443,-0.0112109909680334,0.00498623260320952,0.00526308686955204,0.0268498644130387,-0.0316940809085974,-0.0497680234283106
2020-02-29,-0.08411048363840312,0.000416284034733027,0.000724973868909016,-0.0134428491141934,0.0288892155321965,-0.00544429725620038,0.00482453213762124,-0.000120040974858982,-0.0189831482213313,0.00882897715769582,0.00125576533341395,-0.00910308356343886,0.00277000741681047,-0.0374314889837331
2020-03-31,-0.12511928240892822,-0.00591798768294547,0.00607853367401341,-0.0161433173276341,0.0571998016030557,0.0649483997444713,0.056105515084473,0.0195964211455406,0.0324276373041358,0.0612679694077929,-0.0232362145132997,-0.00253983693085116,-0.0569523913083065,-0.085379712771122
2020-04-30,0.1268440381652789,0.0234278657912092,-0.00195438273268726,-0.0209426482279033,0.0344729300766686,-0.0894196593983964,-0.0456391765056596,-0.00361202820652682,-0.0296672209922788,0.00371249411005774,0.0162935996651983,0.0300947457683563,0.0286383249198236,-0.00362416090995936
2020-05-31,0.04528181966555822,2.63252006507016e-05,-0.00462312984548599,-0.0392668926768975,0.0412266991729723,-0.0285486145132979,0.0253279707930833,0.00235031746973983,-0.0290657273537197,0.0187983800797184,-0.000238173718465091,-0.0033233876075758,-0.0138947856464185,-0.061340965605181
2020-06-30,0.01838839651392421,0.0106299790111458,0.005211780336163,-0.0120617239446068,0.0300107479956233,-0.0481393122944092,-0.00388547273630807,-0.00165298635471749,-0.0318021701127482,-0.00177657737234009,-0.00485523498852041,-0.0171287408354879,0.0319708795332868,-0.0180607975194552
2020-07-31,0.055101321480443666,-0.00387235626538709,-0.00947543564558426,-0.0155189350565725,0.00814725723851732,0.0143684163440086,0.05601871573482,0.00692325213805045,0.00127249177265829,0.0254731155980657,0.000227003341062259,0.00760593404791246,-0.0387499616740183,-0.035023824702597
2020-08-31,0.07006466690171775,0.0067691686015732,-0.010837788872096,-0.00620722822291796,-0.00104441704101713,-0.0233365012020805,-0.00953086302831347,-0.0118971990600954,-0.00634616647305798,0.00130065402094364,-0.00716388246712797,0.0011062757850957,0.00622503860885063,0.00110454248887511
2020-09-30,-0.039227970178423055,-0.00898813409451457,-0.00917624801888277,-0.0175112365811183,0.00791261917427943,-0.00247594281597536,0.0228444892671006,0.00241814730276365,-0.00509487455666708,0.00650456942534949,-0.00319658634898262,-0.00891320151178416,-0.0211929528681494,-0.0243093892563131
2020-10-31,-0.027665786221379718,0.000609146533846055,0.00641892522986404,0.00527247233542666,-0.00477351098173624,-0.00227506256488062,-0.0251161255161869,-0.00840281487561138,-0.00250188156446493,-0.0151424760339334,-0.00058402242525736,0.0055475925154689,0.0225821238865273,0.0162240729824686
2020-11-30,0.10754563544385909,0.0318701061034865,-0.0098493808637669,0.0280816688334854,0.0139066417017098,-0.0943172374440888,-0.0619456544105927,-0.0405640702285331,-0.0836136196932056,-0.0673919488533061,-0.00596692063370459,-0.0116038548468637,0.0623127053135399,0.00406209755456955
2020-12-31,0.03712145909357001,0.00790095277691841,0.00244400176792802,-0.00471365411213918,0.0173879287805264,-0.0289721444046797,-0.00634788149787073,-0.00549751199892655,-0.0291803963128969,-0.0154490784108365,-0.000313078092480999,-0.012320485880249,0.0416108370949139,-0.013754333002475
2021-01-31,-0.011136660755445171,0.00474517372314495,0.0151482782139809,0.00684950008677034,0.0266081805408088,-0.0643540834986273,0.0196595062213742,0.0106999261229696,-0.054490457074858,-0.0136866184699566,0.0105877550951771,-0.0247282707107201,0.0546289922566231,-0.0185621633493367
2021-02-28,0.026091451377448394,0.00775641262308056,-0.000486329164691501,0.0480448096580064,-0.0292919674606187,-0.0251659442096915,0.0208681592995122,-0.049962675280341,-0.0211765654837813,-0.0546433469963837,-0.001179807608578,0.00722241104892557,0.0419200543286113,0.0463812607826815
2021-03-31,0.042438632533165155,-0.00283510015196341,0.00149463778326223,0.0456889924736431,-0.0816906912960974,0.0639316344948648,-0.0381511118148293,-0.00456415433932796,0.0766736658085762,0.014982253501235,0.00311974223629831,0.0329484214495957,-0.0167982922145425,0.104362306388001
2021-04-30,0.05242532134755851,0.000538290694409394,-0.00132816883803344,-0.00841125954745567,-0.01138673941614,0.0270643649281947,-0.00491666558739689,0.00313261612156677,0.0217030633435669,0.0108308756402912,-0.000943702375783843,0.00643283928034437,-0.0301290375563171,0.0119408633017114
2021-05-31,0.00548648867060697,0.0062326327682066,0.0051211987743141,0.0361839312699169,-0.0322707487865374,0.010442924196317,0.0207776765226664,-0.00961959174054383,0.0193527321664577,-0.00713327290264779,0.000188772405465933,0.00249293014394718,0.0115155875223579,0.0477383694186611
2021-06-30,0.022214009565834747,0.00829048007763939,0.00283270005692068,-0.0356100301013948,0.0607944326651905,-0.0459023248767069,-0.0266035883646431,0.010814650171045,-0.0379661078214135,0.0160566759844155,-0.00054178613601397,0.00750553413109164,-0.000538211513121335,-0.0714029379775997
2021-07-31,0.02274805482838871,-0.00752287894867625,-0.00778629761764161,-0.0250381753448222,-0.0240161391185897,0.0657249144980367,-0.00630210624400425,0.0137657352199358,0.0725068107468019,0.0461908273490554,-0.0071982585691905,0.0150573504836978,-0.0482723970140053,0.0270667624300797
2021-08-31,0.028990416255438634,0.00292876915863197,0.00557380126934487,-0.00662243387763627,0.00947504567929671,-0.00775557441863379,0.016324222684624,0.00455705934728657,-0.00297368232547112,-0.00550874986811521,-0.00169066199883318,-0.00531174013556847,-6.36297336832216e-05,-0.00668459554171588
2021-09-30,-0.047569168801901096,0.00196290580367386,0.00404855822876192,0.0220308457690772,-0.0142293492860227,-0.00678273591610771,0.00139077718602687,-0.0114762538676884,-0.0142080120729436,-0.0247191823046352,0.00264367335333746,-0.00524852224075232,0.0120699451877146,0.0188373297759128
2021-10-31,0.0691438364006065,-0.00630720752144124,-0.0017528692081449,-0.0202260924986004,0.00220109869430559,0.000697845461748172,0.0257159551935125,0.00534231634239639,0.0148491264355957,0.0169847464449978,-0.000625120354975813,0.00116089198269779,-0.0307924189369226,-0.00784402298788189
2021-11-30,-0.008333706184746159,-0.00635367670780552,0.00677636639980006,0.00799202383073952,-0.0205721436639531,0.0274366538879243,0.021531577639681,0.00796535343759786,0.0572349114833171,0.0380493053437796,-0.000317635142307194,-0.00288313181117274,-0.0155966027613661,0.0387213797383444
2021-12-31,0.04361291346206486,-0.0129214302065842,-0.00214461025303387,0.0302026189608465,-0.0622502575461137,0.072296267222782,-0.00679110249826754,-0.00393617977172038,0.0599170826289075,0.0166948265555695,0.00954385830003955,0.00195513778307699,-0.0297694285893469,0.0714994033395168
2022-01-31,-0.052585165027393854,-0.00270994717589165,0.00577012832319601,0.07215457084329,-0.0859953626115213,0.0689016720661218,-0.00693574149402941,-0.0111512467640699,0.0420381224901103,-0.0262792959153367,-0.0032559195483523,-0.0152224730127448,-0.0155805404416399,0.114013303656757
2022-02-28,-0.031360491945908286,-0.0032887144192636,0.0040737821274962,0.0131991011553749,-0.0148405023528612,-0.0130861094089984,0.0119396829180552,0.0120502071035916,-0.00390671766304541,-0.00928318917042202,0.0120483341209184,-0.0126623710702844,0.00869319327025688,0.0136790927426463
2022-03-31,0.03577328837154625,0.0161403321460441,-0.00552826373244059,0.00999472918270291,-0.0110254692215828,0.0126498766552646,0.0297747401673533,0.00472267818944119,0.00234570040169998,-0.00548502816117615,0.00186046263784309,-0.00816791585595599,-0.00453052638654288,0.00203355974496607
2022-04-30,-0.08795671180434306,0.000210955867236188,0.00438463719366804,0.0419179339917616,-0.0681600026656465,0.0734461401729947,0.0538234254384599,-0.00201366084142746,0.0488451038928127,0.0151166336744486,0.0107187106456422,0.0149880142353377,-0.020553709803572,0.0696143847997455
2022-05-31,5.317770464463578e-05,-0.0208414449230758,0.000250527368047179,0.021901667149094,-0.0451360148940114,0.0279459093998818,0.0296561534257095,0.0173894773719032,0.0574415581776355,0.0112516471112114,0.00118925915545627,0.00547246831112247,-0.0200355701114041,0.0671676715502281
2022-06-30,-0.08391999993382682,0.00566574202373737,-0.00339502042705376,0.00945515159300918,0.0099282384508409,0.0524668607722582,0.0118452044712721,-0.021551462761311,-0.0104745328158648,-0.00256828713300083,0.00353484213025539,-0.000694384315433669,0.00792548733770252,-0.021116664233798
2022-07-31,0.09111639173021002,-0.0143590680252811,-0.00620428069240431,-0.0399807201983124,0.0231863048926917,-0.0501056552212027,-0.046205970265291,0.00798590402861585,0.00424140930685306,0.0151937549425487,-0.00475956133802308,0.015692869067424,-0.0156484270776246,-0.0240808244705855
2022-08-31,-0.04244012827299837,0.0174672281324496,0.00207551192472023,0.00271911483554175,0.00620356126799004,-0.0178278691996586,0.0243767638459875,0.00859369512018013,-0.0343058658777741,-0.0274875571585093,0.00236814651134761,-0.00238042665657871,0.0159439375789581,-0.0144318148749583
2022-09-30,-0.09339567201327437,0.00668668386692154,0.00678012839309576,0.00724562468912326,0.00587290557702489,0.0276346181385504,0.0309010508011221,-8.92523732968891e-05,0.0062269218640167,0.00403004099292568,-0.000794161745442333,-0.00402933357069557,0.000393567078371429,-0.00389439137300095
2022-10-31,0.0798634138370089,-0.0102452446161388,0.0149049800457072,0.026584054373251,-0.0363733535067503,0.00642954607839639,0.0296136003159189,0.0138190028496245,0.0366238818546641,0.011578637428984,0.000862131533320754,0.00435705949341856,-0.0186305562901099,0.0520928170014113
2022-11-30,0.053752893352493114,-0.0195072608398035,0.00398822562842373,0.0144173927797987,-0.021632895298517,0.0173409434932822,-0.0192762480330707,-0.000104813910213289,0.0493855603333203,0.0271959101992224,-0.00240874482005041,-0.0011163778871228,-0.0563166027863912,0.0421461365372039
2022-12-31,-0.05897147407473047,0.00121865719944061,0.00500694421018554,0.0240280257239783,-0.0143300432166987,0.0322471345997926,0.0164087447796899,-0.00144284478965237,0.00843744592974606,0.00339292981342822,0.00136709945453208,-0.00546895341685349,-0.00236134456907509,0.00991122700682109
2023-01-31,0.0617528578346791,0.000279835182671544,-0.00713427451027981,-0.0299217605829722,0.0321540050328574,-0.0839639616351288,-0.0894941190931629,-0.0203022247448583,-0.0381942081106446,-0.0128624122164587,-0.00641493989500557,0.00872433681653204,0.0437172570567558,-0.00509665269988056
2023-02-28,-0.02611249393181858,-0.00450183457333009,-0.00112634682432908,-0.00977300237497383,0.00264702516822333,0.00222264601576293,0.0115058216970402,0.00608927045759445,0.00471490411920928,0.00826229393157944,-0.00220075866483185,0.00556043922494798,-0.00527918824662398,-0.00576772539957739
2023-03-31,0.03505161257710898,0.00420111348990529,0.00019714651504695,-0.0148116163617171,0.0280608326726163,0.00883249752243916,0.0147543152560647,-0.00349569691380716,0.00978304908334863,0.0494905457327774,0.00457543759389547,-0.011676148229802,-0.0376605292917406,-0.04043597789755
2023-04-30,0.014642341662481018,0.0028231778364502,-0.00420900323445091,0.0146386928513321,-0.0253236017205625,0.0328912477363276,0.000583429386728526,0.0026890662246024,0.0167759761859207,-0.00373913670930797,0.0049019366356147,-0.00260509588282379,-0.0251428551874569,0.0169850735971158
2023-05-31,0.002482347368192972,0.026603792143984,0.00250933360494684,-0.029667190813989,0.0606546427055503,-0.0408066564837286,0.0111443480014298,-0.000363036495435672,-0.0430466591616919,0.000205813050966162,0.000188798025265335,0.0207031409547127,0.0374945966167635,-0.0619700522438037
2023-06-30,0.06472746490423464,-0.0161918909482069,-0.00670101569279896,-0.0098845448557346,-0.013068484194854,-0.0195536566102025,0.00038938758892354,-0.00235689018041314,0.0214188235390555,0.0158711964507624,-0.0105116549653685,-0.00718408279214914,-0.0107618660743133,0.0219813347486008
2023-07-31,0.031138932355010862,0.00874959514946102,-0.00378645432751436,-0.00366171460044032,0.00963659974695164,-0.0406728184967199,-0.0332566023539148,0.00539141721698423,-0.0127280681120489,-0.0121562103094057,-0.00112777527337744,-0.00956444741016687,0.0251183104940592,0.0190705918031134
2023-08-31,-0.017716390070854016,-0.0160023849753214,0.00930035651065859,0.00942613112296587,-0.00964765133358839,0.0350872457261479,0.0190052281479593,0.00518044261121874,0.0386023536222586,0.0321098342941953,0.000199446617679968,0.0163106922134931,-0.0321624864107614,0.0143562224315606
2023-09-30,-0.048719367465624885,-0.00125921123493366,0.0101209682695666,0.00797159207211729,-0.00794812961532899,0.0239424008830606,0.00153641880859505,0.00788152463330374,0.0213404759963692,0.011109093273199,0.00363391730459752,-0.0125375264057186,-0.0132091732847567,0.0218166015546513
2023-10-31,-0.02197968873798295,0.00195990146294453,0.00122871054504731,0.00759310912602228,-0.022348789821683,0.0415663904564999,0.00274418471733405,0.00775150047463372,0.0266764152504369,0.00789369539003454,0.00509950918451413,-0.00850705160416946,-0.034041388004822,0.0182702315777538
2023-11-30,0.08917926878197013,0.0155056374958486,0.00118277733143935,-0.00411098744071844,0.0227595445020335,-0.0313335583503526,0.0117266641959427,0.00808095184312935,-0.0277197476132007,-0.0157726517690753,-0.00577467568498239,0.0259196546932995,0.00170516661975654,-0.0217705309317893
2023-12-31,0.04422923115636013,0.0044668899714628,-0.00566850820660563,-0.00221357112082735,0.0221656860793898,-0.0606918091875229,-0.0477310695144038,-0.00604868494836536,-0.0434448251499594,-0.0294587648628759,-0.00574590638162306,-0.0199367014971329,0.0559768841444127,-0.00957853093771148
2024-01-31,0.015895707598991615,0.00018420878975054,0.00849317095195222,0.00390077938856884,-0.00590073709207135,0.0326262483739608,0.0392164189288641,0.00728141709162528,0.0286487311921068,0.02144316342935,0.00124468578966595,0.0324091975552082,-0.0368304755490141,0.00456632845528312
2024-02-29,0.05172064062372317,-0.0090360796004122,0.00608561281812651,-0.0170172854270795,0.013964062708673,-0.0232007000294251,0.0339790484552093,0.0177754469723382,0.00441582935846222,0.0239274103170092,0.00247876606093147,-0.000932881815695801,-0.0114826101826995,-0.0313177334837932
2024-03-31,0.031018779915342964,-0.00261094476628379,-0.00574938023349516,0.00743374729630711,-0.0254210746752341,0.00921398007417694,-0.000979975932829278,-0.00599253530373996,0.0145412980515134,-0.007818163412959,0.00150459763308908,0.00181685830854554,-0.0174144523141711,0.0370420317004758
2024-04-30,-0.04161507173789869,-0.0016502303856572,-0.00469823908770844,-6.14983625038588e-05,-0.0109200277398899,0.0224193962030377,-0.0082207964751701,-0.000345369408691256,0.0131720625656199,0.00070737890543838,0.00610281886390175,-0.0128205217079806,-0.0196666248320561,0.00862899955441187
2024-05-31,0.0480211901511991,-0.00611162473457471,-0.00728139401765101,0.000275864054941307,-0.00691621585872357,-0.0102482201030476,0.00983707523785348,0.000597492357374186,0.00220398588747522,-0.00912410681183066,0.00191317801151084,-0.0114447754078492,0.0177392840447336,0.00957197396036281
2024-06-30,0.03466980128308328,0.00326882238609572,0.0119721944627758,-0.0065314431263499,0.0275521888655792,0.00151900189250206,-0.00125335870829706,0.0110860271748154,0.00224613210033772,0.0130483283600223,-0.00239246905908201,0.0072962030554567,-0.013074303001411,-0.0270417145656684
2024-07-31,0.011321316887868749,-0.00715686957620781,-0.00680176578578747,0.0172331562616718,-0.0322534406933716,0.0204173794817631,-0.0176341844158491,-0.00956910407203665,-0.0109282692210174,-0.0373242808646711,-0.00248410997237619,0.0124188455329591,0.0451066621009396,0.0334827388484145
2024-08-31,0.022834706936630367,1.84545818069307e-06,0.00355478547598018,0.00173773125341058,-0.00879480121648854,0.0250467521768708,0.0214841829146844,0.0203636171479614,0.0124179398450544,0.00722138376391629,0.00449685693848853,0.0127613628782897,-0.0323522230075488,-0.00906823060758692
2024-09-30,0.020196884090601275,0.00790378925256382,-0.00274780352028442,0.00430553999793374,-0.00151174222487737,-0.0112313104411639,0.00937734682989392,0.00365668416366482,-0.00150239458783769,0.00101207676151021,-0.00436237188108462,-0.00914791070161609,-0.0176376370317725,-0.00967219764923174
2024-10-31,-0.009896743303151712,0.00386752362367638,0.00385311602027225,-0.0100732401640823,0.00630401967302196,-0.00702648472712781,0.0191680015442532,0.0149759515444294,-0.00816262774565269,-0.0143886699359887,0.0070504520962263,-0.000721267004946242,0.0077469398779661,-0.00702629232786186
2024-11-30,0.057301295482098835,0.00752444417426603,0.0012838907529058,-0.0203449075101568,0.0210731154473954,-0.0441719813166653,0.0134547681865747,0.0194754754783285,-0.0218760969168844,-0.00886892788662841,0.00147838867571182,-0.031849817912573,0.0128328006223076,-0.0228432243925733
2024-12-31,-0.020794436663986393,0.00459706772579745,0.00776365750159663,0.0057457918423139,0.0107496436357059,0.000304575354575148,-0.00774433459994384,0.000907087389018514,-0.00523332396822378,0.00665654122306745,-0.00151380907667552,0.00470706510770972,0.00884993173204108,-0.00770995056615879
